{
  "TranslationLanguageCode": "en",
  "CheckForUpdates": false,
  "AutoUpdate": false,
  "TransferConfigAndAuthOnUpdate": true,
  "UseWebsocket": true,
  "WebSocketPort": 14251,
  "UseTelegramAPI": false,
  "TelegramAPIKey": null,
  "TelegramPassword": "12345",
  "StartupWelcomeDelay": false,
  "AmountOfPokemonToDisplayOnStart": 10,
  "DetailedCountsBeforeRecycling": true,
  "CatchPokemon": true,
  "MaxBerriesToUsePerPokemon": 3,
  "AutomaticallyLevelUpPokemon": false,
  "OnlyUpgradeFavorites": true,
  "UseLevelUpList": true,
  "AmountOfTimesToUpgradeLoop": 5,
  "GetMinStarDustForLevelUp": 5000,
  "LevelUpByCPorIv": "iv",
  "UpgradePokemonCpMinimum": 1000.0,
  "UpgradePokemonIvMinimum": 95.0,
  "UpgradePokemonMinimumStatsOperator": "and",
  "DisableHumanWalking": false,
  "DefaultLatitude": 40.785092,
  "DefaultLongitude": -73.968286,
  "WalkingSpeedInKilometerPerHour": 11.0,
  "MaxSpawnLocationOffset": 10,
  "FastSoftBanBypass": false,
  "DelayBetweenPlayerActions": 6000,
  "DelayBetweenPokemonCatch": 3000,
  "DumpPokemonStats": true,
  "EvolveAboveIvValue": 95.0,
  "EvolveAllPokemonAboveIv": false,
  "EvolveAllPokemonWithEnoughCandy": true,
  "EvolveKeptPokemonsAtStorageUsagePercentage": 90.0,
  "KeepPokemonsThatCanEvolve": true,
  "KeepMinCp": 1250,
  "KeepMinIvPercentage": 90.0,
  "KeepMinLvl": 6,
  "KeepMinOperator": "or",
  "UseKeepMinLvl": false,
  "PrioritizeIvOverCp": false,
  "KeepMinDuplicatePokemon": 1,
  "UseGpxPathing": false,
  "GpxFile": "GPXPath.GPX",
  "VerboseRecycling": true,
  "RecycleInventoryAtUsagePercentage": 90.0,
  "RandomizeRecycle": false,
  "RandomRecycleValue": 5,
  "DelayBetweenRecycleActions": false,
  "UseEggIncubators": true,
  "UseEggIncubatorMinKm": 2,
  "UseLuckyEggConstantly": false,
  "UseLuckyEggsMinPokemonAmount": 30,
  "UseLuckyEggsWhileEvolving": true,
  "UseIncenseConstantly": false,
  "UseBerriesMinCp": 1000,
  "UseBerriesMinIv": 90.0,
  "UseBerriesBelowCatchProbability": 0.2,
  "UseBerriesOperator": "or",
  "UseSnipeLocationServer": false,
  "SnipeLocationServer": "localhost",
  "SnipeLocationServerPort": 16969,
  "GetSniperInfoFromPokezz": false,
  "GetOnlyVerifiedSniperInfoFromPokezz": false,
  "GetSniperInfoFromPokeSnipers": false,
  "GetSniperInfoFromPokeWatchers": false,
  "GetSniperInfoFromSkiplagged": false,
  "MinPokeballsToSnipe": 20,
  "MinPokeballsWhileSnipe": 0,
  "MinDelayBetweenSnipes": 60000,
  "SnipingScanOffset": 0.005,
  "SnipeAtPokestops": false,
  "SnipeIgnoreUnknownIv": false,
  "UseTransferIvForSnipe": false,
  "SnipePokemonNotInPokedex": false,
  "RenamePokemon": false,
  "RenameOnlyAboveIv": true,
  "RenameTemplate": "{1}_{0}",
  "MaxPokeballsPerPokemon": 6,
  "MaxTravelDistanceInMeters": 1000,
  "TotalAmountOfPokeballsToKeep": 120,
  "TotalAmountOfPotionsToKeep": 80,
  "TotalAmountOfRevivesToKeep": 60,
  "TotalAmountOfBerriesToKeep": 50,
  "UseGreatBallAboveCp": 1000,
  "UseUltraBallAboveCp": 1250,
  "UseMasterBallAboveCp": 1500,
  "UseGreatBallAboveIv": 85.0,
  "UseUltraBallAboveIv": 95.0,
  "UseGreatBallBelowCatchProbability": 0.2,
  "UseUltraBallBelowCatchProbability": 0.1,
  "UseMasterBallBelowCatchProbability": 0.05,
  "EnableHumanizedThrows": true,
  "NiceThrowChance": 40,
  "GreatThrowChance": 30,
  "ExcellentThrowChance": 10,
  "CurveThrowChance": 90,
  "ForceGreatThrowOverIv": 90.0,
  "ForceExcellentThrowOverIv": 95.0,
  "ForceGreatThrowOverCp": 1000,
  "ForceExcellentThrowOverCp": 1500,
  "TransferWeakPokemon": false,
  "TransferDuplicatePokemon": true,
  "TransferDuplicatePokemonOnCapture": true,
  "FavoriteMinIvPercentage": 95.0,
  "AutoFavoritePokemon": false,
  "UsePokemonToNotCatchFilter": false,
  "UsePokemonSniperFilterOnly": false,
  "ItemRecycleFilter": [
    {
      "Key": "itemUnknown",
      "Value": 0
    },
    {
      "Key": "itemLuckyEgg",
      "Value": 200
    },
    {
      "Key": "itemIncenseOrdinary",
      "Value": 100
    },
    {
      "Key": "itemIncenseSpicy",
      "Value": 100
    },
    {
      "Key": "itemIncenseCool",
      "Value": 100
    },
    {
      "Key": "itemIncenseFloral",
      "Value": 100
    },
    {
      "Key": "itemTroyDisk",
      "Value": 100
    },
    {
      "Key": "itemXAttack",
      "Value": 100
    },
    {
      "Key": "itemXDefense",
      "Value": 100
    },
    {
      "Key": "itemXMiracle",
      "Value": 100
    },
    {
      "Key": "itemSpecialCamera",
      "Value": 100
    },
    {
      "Key": "itemIncubatorBasicUnlimited",
      "Value": 100
    },
    {
      "Key": "itemIncubatorBasic",
      "Value": 100
    },
    {
      "Key": "itemPokemonStorageUpgrade",
      "Value": 100
    },
    {
      "Key": "itemItemStorageUpgrade",
      "Value": 100
    },
    {
      "Key": "itemUnknown",
      "Value": 0
    },
    {
      "Key": "itemLuckyEgg",
      "Value": 200
    },
    {
      "Key": "itemIncenseOrdinary",
      "Value": 100
    },
    {
      "Key": "itemIncenseSpicy",
      "Value": 100
    },
    {
      "Key": "itemIncenseCool",
      "Value": 100
    },
    {
      "Key": "itemIncenseFloral",
      "Value": 100
    },
    {
      "Key": "itemTroyDisk",
      "Value": 100
    },
    {
      "Key": "itemXAttack",
      "Value": 100
    },
    {
      "Key": "itemXDefense",
      "Value": 100
    },
    {
      "Key": "itemXMiracle",
      "Value": 100
    },
    {
      "Key": "itemSpecialCamera",
      "Value": 100
    },
    {
      "Key": "itemIncubatorBasicUnlimited",
      "Value": 100
    },
    {
      "Key": "itemIncubatorBasic",
      "Value": 100
    },
    {
      "Key": "itemPokemonStorageUpgrade",
      "Value": 100
    },
    {
      "Key": "itemItemStorageUpgrade",
      "Value": 100
    }
  ],
  "PokemonsNotToTransfer": [
    "venusaur",
    "charizard",
    "blastoise",
    "raichu",
    "nidoqueen",
    "nidoking",
    "clefable",
    "ninetales",
    "arcanine",
    "alakazam",
    "muk",
    "gyarados",
    "lapras",
    "ditto",
    "vaporeon",
    "jolteon",
    "flareon",
    "snorlax",
    "articuno",
    "zapdos",
    "moltres",
    "dratini",
    "dragonair",
    "dragonite",
    "mewtwo",
    "mew"
  ],
  "PokemonsToEvolve": [
    "caterpie",
    "weedle",
    "pidgey",
    "rattata"
  ],
  "PokemonsToLevelUp": [
    "venusaur",
    "charizard",
    "blastoise",
    "clefable",
    "muk",
    "chansey",
    "gyarados",
    "ditto",
    "snorlax",
    "articuno",
    "zapdos",
    "moltres",
    "dragonite",
    "mewtwo",
    "mew"
  ],
  "PokemonsToIgnore": [
    "caterpie",
    "weedle",
    "pidgey",
    "rattata",
    "spearow",
    "zubat",
    "doduo"
  ],
  "PokemonsTransferFilter": {
    "Golduck": {
      "KeepMinCp": 1800,
      "KeepMinLvl": 6,
      "UseKeepMinLvl": false,
      "KeepMinIvPercentage": 95.0,
      "KeepMinDuplicatePokemon": 1,
      "Moves": [],
      "DeprecatedMoves": null,
      "KeepMinOperator": "or",
      "MovesOperator": "or"
    },
    "Farfetchd": {
      "KeepMinCp": 1250,
      "KeepMinLvl": 6,
      "UseKeepMinLvl": false,
      "KeepMinIvPercentage": 80.0,
      "KeepMinDuplicatePokemon": 1,
      "Moves": [],
      "DeprecatedMoves": null,
      "KeepMinOperator": "or",
      "MovesOperator": "or"
    },
    "Krabby": {
      "KeepMinCp": 1250,
      "KeepMinLvl": 6,
      "UseKeepMinLvl": false,
      "KeepMinIvPercentage": 95.0,
      "KeepMinDuplicatePokemon": 1,
      "Moves": [],
      "DeprecatedMoves": null,
      "KeepMinOperator": "or",
      "MovesOperator": "or"
    },
    "Kangaskhan": {
      "KeepMinCp": 1500,
      "KeepMinLvl": 6,
      "UseKeepMinLvl": false,
      "KeepMinIvPercentage": 60.0,
      "KeepMinDuplicatePokemon": 1,
      "Moves": [],
      "DeprecatedMoves": null,
      "KeepMinOperator": "or",
      "MovesOperator": "or"
    },
    "Horsea": {
      "KeepMinCp": 1250,
      "KeepMinLvl": 6,
      "UseKeepMinLvl": false,
      "KeepMinIvPercentage": 95.0,
      "KeepMinDuplicatePokemon": 1,
      "Moves": [],
      "DeprecatedMoves": null,
      "KeepMinOperator": "or",
      "MovesOperator": "or"
    },
    "Staryu": {
      "KeepMinCp": 1250,
      "KeepMinLvl": 6,
      "UseKeepMinLvl": false,
      "KeepMinIvPercentage": 95.0,
      "KeepMinDuplicatePokemon": 1,
      "Moves": [],
      "DeprecatedMoves": null,
      "KeepMinOperator": "or",
      "MovesOperator": "or"
    },
    "MrMime": {
      "KeepMinCp": 1250,
      "KeepMinLvl": 6,
      "UseKeepMinLvl": false,
      "KeepMinIvPercentage": 40.0,
      "KeepMinDuplicatePokemon": 1,
      "Moves": [],
      "DeprecatedMoves": null,
      "KeepMinOperator": "or",
      "MovesOperator": "or"
    },
    "Scyther": {
      "KeepMinCp": 1800,
      "KeepMinLvl": 6,
      "UseKeepMinLvl": false,
      "KeepMinIvPercentage": 80.0,
      "KeepMinDuplicatePokemon": 1,
      "Moves": [],
      "DeprecatedMoves": null,
      "KeepMinOperator": "or",
      "MovesOperator": "or"
    },
    "Jynx": {
      "KeepMinCp": 1250,
      "KeepMinLvl": 6,
      "UseKeepMinLvl": false,
      "KeepMinIvPercentage": 95.0,
      "KeepMinDuplicatePokemon": 1,
      "Moves": [],
      "DeprecatedMoves": null,
      "KeepMinOperator": "or",
      "MovesOperator": "or"
    },
    "Electabuzz": {
      "KeepMinCp": 1250,
      "KeepMinLvl": 6,
      "UseKeepMinLvl": false,
      "KeepMinIvPercentage": 80.0,
      "KeepMinDuplicatePokemon": 1,
      "Moves": [],
      "DeprecatedMoves": null,
      "KeepMinOperator": "or",
      "MovesOperator": "or"
    },
    "Magmar": {
      "KeepMinCp": 1500,
      "KeepMinLvl": 6,
      "UseKeepMinLvl": false,
      "KeepMinIvPercentage": 80.0,
      "KeepMinDuplicatePokemon": 1,
      "Moves": [],
      "DeprecatedMoves": null,
      "KeepMinOperator": "or",
      "MovesOperator": "or"
    },
    "Pinsir": {
      "KeepMinCp": 1800,
      "KeepMinLvl": 6,
      "UseKeepMinLvl": false,
      "KeepMinIvPercentage": 95.0,
      "KeepMinDuplicatePokemon": 1,
      "Moves": [],
      "DeprecatedMoves": null,
      "KeepMinOperator": "or",
      "MovesOperator": "or"
    },
    "Tauros": {
      "KeepMinCp": 1250,
      "KeepMinLvl": 6,
      "UseKeepMinLvl": false,
      "KeepMinIvPercentage": 90.0,
      "KeepMinDuplicatePokemon": 1,
      "Moves": [],
      "DeprecatedMoves": null,
      "KeepMinOperator": "or",
      "MovesOperator": "or"
    },
    "Magikarp": {
      "KeepMinCp": 200,
      "KeepMinLvl": 6,
      "UseKeepMinLvl": false,
      "KeepMinIvPercentage": 95.0,
      "KeepMinDuplicatePokemon": 1,
      "Moves": [],
      "DeprecatedMoves": null,
      "KeepMinOperator": "or",
      "MovesOperator": "or"
    },
    "Gyarados": {
      "KeepMinCp": 1250,
      "KeepMinLvl": 6,
      "UseKeepMinLvl": false,
      "KeepMinIvPercentage": 90.0,
      "KeepMinDuplicatePokemon": 1,
      "Moves": [],
      "DeprecatedMoves": null,
      "KeepMinOperator": "or",
      "MovesOperator": "or"
    },
    "Lapras": {
      "KeepMinCp": 1800,
      "KeepMinLvl": 6,
      "UseKeepMinLvl": false,
      "KeepMinIvPercentage": 80.0,
      "KeepMinDuplicatePokemon": 1,
      "Moves": [],
      "DeprecatedMoves": null,
      "KeepMinOperator": "or",
      "MovesOperator": "or"
    },
    "Eevee": {
      "KeepMinCp": 1250,
      "KeepMinLvl": 6,
      "UseKeepMinLvl": false,
      "KeepMinIvPercentage": 95.0,
      "KeepMinDuplicatePokemon": 1,
      "Moves": [],
      "DeprecatedMoves": null,
      "KeepMinOperator": "or",
      "MovesOperator": "or"
    },
    "Vaporeon": {
      "KeepMinCp": 1500,
      "KeepMinLvl": 6,
      "UseKeepMinLvl": false,
      "KeepMinIvPercentage": 90.0,
      "KeepMinDuplicatePokemon": 1,
      "Moves": [],
      "DeprecatedMoves": null,
      "KeepMinOperator": "or",
      "MovesOperator": "or"
    },
    "Jolteon": {
      "KeepMinCp": 1500,
      "KeepMinLvl": 6,
      "UseKeepMinLvl": false,
      "KeepMinIvPercentage": 90.0,
      "KeepMinDuplicatePokemon": 1,
      "Moves": [],
      "DeprecatedMoves": null,
      "KeepMinOperator": "or",
      "MovesOperator": "or"
    },
    "Flareon": {
      "KeepMinCp": 1500,
      "KeepMinLvl": 6,
      "UseKeepMinLvl": false,
      "KeepMinIvPercentage": 90.0,
      "KeepMinDuplicatePokemon": 1,
      "Moves": [],
      "DeprecatedMoves": null,
      "KeepMinOperator": "or",
      "MovesOperator": "or"
    },
    "Porygon": {
      "KeepMinCp": 1250,
      "KeepMinLvl": 6,
      "UseKeepMinLvl": false,
      "KeepMinIvPercentage": 60.0,
      "KeepMinDuplicatePokemon": 1,
      "Moves": [],
      "DeprecatedMoves": null,
      "KeepMinOperator": "or",
      "MovesOperator": "or"
    },
    "Snorlax": {
      "KeepMinCp": 2600,
      "KeepMinLvl": 6,
      "UseKeepMinLvl": false,
      "KeepMinIvPercentage": 90.0,
      "KeepMinDuplicatePokemon": 1,
      "Moves": [],
      "DeprecatedMoves": null,
      "KeepMinOperator": "or",
      "MovesOperator": "or"
    },
    "Dragonite": {
      "KeepMinCp": 2600,
      "KeepMinLvl": 6,
      "UseKeepMinLvl": false,
      "KeepMinIvPercentage": 90.0,
      "KeepMinDuplicatePokemon": 1,
      "Moves": [],
      "DeprecatedMoves": null,
      "KeepMinOperator": "or",
      "MovesOperator": "or"
    }
  },
  "PokemonToSnipe": {
    "Locations": [
      {
        "Latitude": 38.556807486461118,
        "Longitude": -121.2383794784546
      },
      {
        "Latitude": -33.859019,
        "Longitude": 151.213098
      },
      {
        "Latitude": 47.5014969,
        "Longitude": -122.0959568
      },
      {
        "Latitude": 51.5025343,
        "Longitude": -0.2055027
      }
    ],
    "Pokemon": [
      "venusaur",
      "charizard",
      "blastoise",
      "beedrill",
      "raichu",
      "sandslash",
      "nidoking",
      "nidoqueen",
      "clefable",
      "ninetales",
      "golbat",
      "vileplume",
      "golduck",
      "primeape",
      "arcanine",
      "poliwrath",
      "alakazam",
      "machamp",
      "golem",
      "rapidash",
      "slowbro",
      "farfetchd",
      "muk",
      "cloyster",
      "gengar",
      "exeggutor",
      "marowak",
      "hitmonchan",
      "lickitung",
      "rhydon",
      "chansey",
      "kangaskhan",
      "starmie",
      "mrMime",
      "scyther",
      "magmar",
      "electabuzz",
      "jynx",
      "gyarados",
      "lapras",
      "ditto",
      "vaporeon",
      "jolteon",
      "flareon",
      "porygon",
      "kabutops",
      "aerodactyl",
      "snorlax",
      "articuno",
      "zapdos",
      "moltres",
      "dragonite",
      "mewtwo",
      "mew"
    ]
  },
  "PokemonToUseMasterball": [
    "articuno",
    "zapdos",
    "moltres",
    "mewtwo",
    "mew"
  ]
}